姓名,学号,邮箱,志愿1,志愿2,推荐人
陈晓,2023010101,2023010101@smbu.edu.cn,人工智能,数据科学,王老师
李思远,2023010102,2023010102@smbu.edu.cn,网络安全,人工智能,赵老师
王雨桐,2023010103,2023010103@smbu.edu.cn,人工智能,,孙老师
张浩然,2023010104,zhang2023010104@smbu.edu.cn,大数据,网络安全,王老师
刘子涵,2023010105,2023010105@smbu.edu.cn,网络安全,大数据,
赵一鸣,2023O10106,2023O10106@smbu.edu.cn,人工智能,金融科技,李老师
孙佳琪,2023010107,2023010107@smbu.edu.cn,金融科技,人工智能,赵老师
周天宇,2023010108,2023010108@smbu.edu.cn,大数据,,李老师
吴悦,2023010109,2023010109@smbu.edu.cn,网络安全,人工智能,王老师
郑凯文,2023010110,2023010110@gmail.com,人工智能,大数据,孙老师
王雨桐,2023010103,2023010103@smbu.edu.cn,人工智能,,孙老师
冯雪,2023010112,2023010112@smbu.edu.cn,,网络安全,李老师
陈慕,20230101,20230101@smbu.edu.cn,金融科技,大数据,赵老师
蒋若曦,2023010114,2023010114@smbu.edu.cn,人工智能,网络安全,王老师
韩硕,2023010115,2023010115@smbu.edu.cn,大数据,金融科技,孙老师
杨帆,2023010105,2023010105@smbu.edu.cn,金融科技,人工智能,李老师
许诺,2023010117,2023010117@smbu.edu.cn,网络安全,,赵老师
唐雨薇,2023010118,2023010118@smbu.edu.cn,人工智能,大数据,王老师
罗杰,2023010119x,2023010119x@smbu.edu.cn,大数据,网络安全,孙老师
高翔,2023010120,2023010120@smbu.edu.cn,金融科技,,李老师
贺琳,2023010121,2023010121@smbu.edu.cn,人工智能,网络安全,王老师,Extra
,2023010122,2023010122@smbu.edu.cn,大数据,金融科技,赵老师
